{
  "ie": {
    "6": 0,
    "7": 0.018790149264248216,
    "8": 1.0181912132564501,
    "9": 0.36758229498185574,
    "10": 0.035231529870465406,
    "11": 4.33465255839626,
    "5.5": 0
  },
  "edge": {
    "12": 0.045800988831605036,
    "13": 0.014092611948186165,
    "14": 0.025836455238341303,
    "15": 0.029359608225387843,
    "16": 0.25014386208030437,
    "17": 1.2237084708341652,
    "18": 1.0181912132564501,
    "76": 0
  },
  "firefox": {
    "2": 0,
    "3": 0,
    "4": 0,
    "5": 0,
    "6": 0.003523152987046541,
    "7": 0,
    "8": 0,
    "9": 0,
    "10": 0,
    "11": 0,
    "12": 0.002348768658031027,
    "13": 0,
    "14": 0,
    "15": 0,
    "16": 0,
    "17": 0.002348768658031027,
    "18": 0,
    "19": 0.007046305974093082,
    "20": 0,
    "21": 0,
    "22": 0,
    "23": 0,
    "24": 0.002348768658031027,
    "25": 0,
    "26": 0,
    "27": 0,
    "28": 0,
    "29": 0,
    "30": 0,
    "31": 0,
    "32": 0.0011743843290155135,
    "33": 0.0011743843290155135,
    "34": 0.015266996277201676,
    "35": 0,
    "36": 0,
    "37": 0.0011743843290155135,
    "38": 0.008220690303108595,
    "39": 0.005871921645077568,
    "40": 0,
    "41": 0.002348768658031027,
    "42": 0,
    "43": 0.007046305974093082,
    "44": 0.009395074632124108,
    "45": 0.017615764935232703,
    "46": 0.003523152987046541,
    "47": 0.003523152987046541,
    "48": 0.058719216450775685,
    "49": 0.004697537316062054,
    "50": 0.035231529870465406,
    "51": 0,
    "52": 0.1914246456295287,
    "53": 0.002348768658031027,
    "54": 0,
    "55": 0.008220690303108595,
    "56": 0.025836455238341303,
    "57": 0.01644138060621719,
    "58": 0.008220690303108595,
    "59": 0.011743843290155136,
    "60": 1.1262345715258775,
    "61": 0.018790149264248216,
    "62": 0.002348768658031027,
    "63": 0.345268992730561,
    "64": 0.03288276121243438,
    "65": 0.06341675376683772,
    "66": 0.15032119411398573,
    "67": 2.5730760648729905,
    "68": 8.078589799297719,
    "69": 2.520228770067292,
    "70": 0.30064238822797146,
    "3.5": 0,
    "3.6": 0
  },
  "chrome": {
    "4": 0,
    "5": 0,
    "6": 0,
    "7": 0,
    "8": 0,
    "9": 0.0011743843290155135,
    "10": 0,
    "11": 0,
    "12": 0,
    "13": 0,
    "14": 0,
    "15": 0,
    "16": 0,
    "17": 0,
    "18": 0,
    "19": 0,
    "20": 0,
    "21": 0,
    "22": 0,
    "23": 0.008220690303108595,
    "24": 0,
    "25": 0,
    "26": 0,
    "27": 0.002348768658031027,
    "28": 0,
    "29": 0,
    "30": 0.0011743843290155135,
    "31": 0,
    "32": 0,
    "33": 0.0011743843290155135,
    "34": 0,
    "35": 0.0011743843290155135,
    "36": 0.3088630785310801,
    "37": 0.010569458961139623,
    "38": 0,
    "39": 0,
    "40": 0.0011743843290155135,
    "41": 0.003523152987046541,
    "42": 0.014092611948186165,
    "43": 0.004697537316062054,
    "44": 0.0011743843290155135,
    "45": 0.027010839567356816,
    "46": 0.002348768658031027,
    "47": 0.014092611948186165,
    "48": 0.035231529870465406,
    "49": 0.31708376883418865,
    "50": 0.007046305974093082,
    "51": 0.017615764935232703,
    "52": 0.0011743843290155135,
    "53": 0.023487686580310273,
    "54": 0.014092611948186165,
    "55": 0.03875468285751195,
    "56": 0.0775093657150239,
    "57": 0.41925520545853834,
    "58": 0.10569458961139622,
    "59": 0.0011743843290155135,
    "60": 0.08338128736010146,
    "61": 0.05637044779274466,
    "62": 0.15384434710103229,
    "63": 0.3487921457176075,
    "64": 0.051672910476682606,
    "65": 0.09982266796631864,
    "66": 0.03875468285751195,
    "67": 0.24427194043522682,
    "68": 0.07163744406994633,
    "69": 0.30533992554403355,
    "70": 0.4016394405233057,
    "71": 0.23605125013211825,
    "72": 0.5026364928186399,
    "73": 0.43804535472278655,
    "74": 2.683468191800449,
    "75": 24.87111131989055,
    "76": 22.293337717701494,
    "77": 0.9124966236450541,
    "78": 0.008220690303108595
  },
  "safari": {
    "4": 0,
    "5": 0.004697537316062054,
    "6": 0,
    "7": 0.009395074632124108,
    "8": 0.004697537316062054,
    "9": 0.014092611948186165,
    "10": 0.041103451515542976,
    "11": 0.1115665112564738,
    "12": 0.7093281347253703,
    "13": 0.08220690303108595,
    "3.1": 0,
    "3.2": 0,
    "5.1": 0,
    "6.1": 0.002348768658031027,
    "7.1": 0.005871921645077568,
    "9.1": 0.043452220173574,
    "10.1": 0.16089065307512537,
    "11.1": 0.37345421662693334,
    "12.1": 4.302944181512842,
    "TP": 0
  },
  "opera": {
    "9": 0,
    "11": 0,
    "12": 0,
    "15": 0,
    "16": 0,
    "17": 0,
    "18": 0,
    "19": 0,
    "20": 0,
    "21": 0,
    "22": 0,
    "23": 0,
    "24": 0,
    "25": 0,
    "26": 0,
    "27": 0,
    "28": 0,
    "29": 0,
    "30": 0,
    "31": 0,
    "32": 0,
    "33": 0,
    "34": 0,
    "35": 0,
    "36": 0.0011743843290155135,
    "37": 0,
    "38": 0,
    "39": 0,
    "40": 0,
    "41": 0,
    "42": 0,
    "43": 0,
    "44": 0,
    "45": 0,
    "46": 0,
    "47": 0,
    "48": 0.005871921645077568,
    "49": 0,
    "50": 0,
    "51": 0,
    "52": 0,
    "53": 0,
    "54": 0,
    "55": 0,
    "56": 0.002348768658031027,
    "57": 0.0011743843290155135,
    "58": 0.0011743843290155135,
    "60": 0.0951251306502566,
    "62": 0.1632394217331564,
    "9.5-9.6": 0,
    "10.0-10.1": 0,
    "10.5": 0,
    "10.6": 0,
    "11.1": 0,
    "11.5": 0,
    "11.6": 0,
    "12.1": 0.002348768658031027
  },
  "ios_saf": {
    "8": 0.009395074632124108,
    "13": 0.02818522389637233,
    "3.2": 0,
    "4.0-4.1": 0,
    "4.2-4.3": 0.0011743843290155135,
    "5.0-5.1": 0.02231330225129476,
    "6.0-6.1": 0.0011743843290155135,
    "7.0-7.1": 0.004697537316062054,
    "8.1-8.4": 0.004697537316062054,
    "9.0-9.2": 0.03640591419948092,
    "9.3": 0.058719216450775685,
    "10.0-10.2": 0.019964533593263733,
    "10.3": 0.14444927246890815,
    "11.0-11.2": 0.12096158588859791,
    "11.3-11.4": 0.1902502613005132,
    "12.0-12.1": 0.22078425385491657,
    "12.2-12.3": 2.1338563258211884
  },
  "op_mini": {
    "all": 0.36758229498185574
  },
  "android": {
    "3": 0.007046305974093082,
    "4": 0.046975373160620545,
    "67": 0.4955901868445468,
    "2.1": 0.002348768658031027,
    "2.2": 0.0011743843290155135,
    "2.3": 0.0011743843290155135,
    "4.1": 0.01644138060621719,
    "4.2-4.3": 0.035231529870465406,
    "4.4": 0.04814975748963606,
    "4.4.3-4.4.4": 0
  },
  "bb": {
    "7": 0,
    "10": 0.012918227619170651
  },
  "op_mob": {
    "10": 0.01644138060621719,
    "11": 0.01644138060621719,
    "12": 0.01644138060621719,
    "46": 0.01644138060621719,
    "11.1": 0.01644138060621719,
    "11.5": 0.01644138060621719,
    "12.1": 0.01644138060621719
  },
  "and_chr": {
    "75": 4.803231905673451
  },
  "and_ff": {
    "67": 0.16911134337823397
  },
  "ie_mob": {
    "10": 0,
    "11": 0
  },
  "and_uc": {
    "12.12": 1.7674484151683478
  },
  "samsung": {
    "4": 0,
    "5.0-5.4": 0,
    "6.2-6.4": 0,
    "7.2-7.4": 0,
    "8.2": 0,
    "9.2": 0
  },
  "and_qq": {
    "1.2": 0
  },
  "baidu": {
    "7.12": 0
  },
  "kaios": {
    "2.5": 0
  }
}